Ind,Treatment,Trial,Date,Time,Tank,TestSize,Weight,Tubefeet,Spines,LossofAdhesion,Cage Rotations,Colour,TubeProb,SpineProb
1,8,1,24/11/2025,Morning,5,30.5,14.4,15.6,19.7,21.7,5,Orange,1,1
2,8,1,24/11/2025,Morning,5,27,10.3,NA,20.2,23.2,3,Pink,0,1
3,8,1,24/11/2025,Morning,5,26,11.15,13.9,NA,24.4,6,Purple,1,0
4,8,1,24/11/2025,Morning,5,32.5,15.36,NA,NA,22.5,3,Yellow,0,0
5,8,1,24/11/2025,Morning,5,26,10.82,15.1,15.8,24.6,3,Blue,1,1
6,8,1,24/11/2025,Morning,5,30,14.78,14,NA,21,4,Gold,1,0
7,8,1,24/11/2025,Morning,5,27.5,10.68,10,NA,20.5,4,Green,1,0
8,8,1,24/11/2025,Morning,5,34,16.84,19.8,18,23.7,3,Brown,1,1
9,8,1,24/11/2025,Morning,5,25.5,9.92,13.5,25.4,24.7,4,NeonYellow,1,1
10,8,1,24/11/2025,Morning,5,27,10.87,NA,NA,21.6,4,Black,0,0
11,14,1,24/11/2025,Afternoon,8,28,12.41,20.1,25,27.1,5,Purple,1,1
12,14,1,24/11/2025,Afternoon,8,28,10.34,18,NA,21.3,3,Blue,1,0
13,14,1,24/11/2025,Afternoon,8,29,11.77,NA,16,20.9,4,Pink,0,1
14,14,1,24/11/2025,Afternoon,8,32,15.53,22.8,23,27.6,4,Yellow,1,1
15,14,1,24/11/2025,Afternoon,8,24,6.45,19.5,NA,26.3,4,Orange,1,0
16,14,1,24/11/2025,Afternoon,8,27,9.58,20.3,NA,27.4,2,Gold,1,0
17,14,1,24/11/2025,Afternoon,8,31,13.19,20.3,NA,27,2,Black,1,0
18,14,1,24/11/2025,Afternoon,8,26,8.52,21.6,23.7,26.7,3,NeonYellow,1,1
19,14,1,24/11/2025,Afternoon,8,31,14.33,22,NA,26.7,4,Green,1,0
20,14,1,24/11/2025,Afternoon,8,29.5,10.61,19.3,24.2,27.1,2,Brown,1,1
21,14,1,25/11/2025,Morning,10,34,18.79,20.7,20.9,26.5,1,Orange,1,1
22,14,1,25/11/2025,Morning,10,23,7.87,17.5,20.7,25,3,Pink,1,1
23,14,1,25/11/2025,Morning,10,35,21.46,15.5,NA,24.2,2,Blue,1,0
24,14,1,25/11/2025,Morning,10,24,7.71,20.2,NA,28.3,3,Purple,1,0
25,14,1,25/11/2025,Morning,10,24,6.78,20.2,NA,24.5,5,Yellow,1,0
26,14,1,25/11/2025,Morning,10,34,23.64,21.6,NA,26.7,2,NeonYellow,1,0
27,14,1,25/11/2025,Morning,10,26,10.89,21.6,NA,27.1,1,Brown,1,0
28,14,1,25/11/2025,Morning,10,25,7.3,16.9,NA,30,5,Black,1,0
29,14,1,25/11/2025,Morning,10,23,6.7,19.4,20.2,27.8,4,Gold,1,1
30,14,1,25/11/2025,Morning,10,23,7.06,18.5,21.7,23.7,1,Green,1,1
31,8,1,25/11/2025,Afternoon,9,33,21.02,14.4,NA,20.4,4,Yellow,1,0
32,8,1,25/11/2025,Afternoon,9,22,6.18,13.9,NA,23.5,1,Blue,1,0
33,8,1,25/11/2025,Afternoon,9,32,17.78,13.1,17.8,24.6,2,Purple,1,1
34,8,1,25/11/2025,Afternoon,9,24,10.34,10.9,NA,19.5,5,Orange,1,0
35,8,1,25/11/2025,Afternoon,9,24,6.95,13.3,19,21.5,3,Pink,1,1
36,8,1,25/11/2025,Afternoon,9,27,8.76,13.2,NA,21.4,4,Green,1,0
37,8,1,25/11/2025,Afternoon,9,25,7.56,12.1,15,24.2,2,Brown,1,1
38,8,1,25/11/2025,Afternoon,9,27,9.27,14.3,NA,19.5,3,Gold,1,0
39,8,1,25/11/2025,Afternoon,9,24,6.52,10.2,NA,20.6,3,NeonYellow,1,0
40,8,1,25/11/2025,Afternoon,9,NA,NA,NA,NA,NA,NA,NA,NA,NA
1,14,2,01/12/2025,Morning,8,30,11.36,18,23.7,23.8,2,Pink,1,1
2,14,2,01/12/2025,Morning,8,23,6.36,19.7,NA,25.8,1,Orange,1,0
3,14,2,01/12/2025,Morning,8,34,15.37,24.2,NA,25.8,3,Yellow,1,0
4,14,2,01/12/2025,Morning,8,29,9.68,18.8,NA,24.3,2,Blue,1,0
5,14,2,01/12/2025,Morning,8,32,14.19,20.7,NA,26.9,1,Green,1,0
6,14,2,01/12/2025,Morning,8,29,12.53,22.8,NA,25.2,3,Purple,1,0
7,14,2,01/12/2025,Morning,8,27,9.56,21.6,NA,25.2,3,Gold,1,0
8,14,2,01/12/2025,Morning,8,32,13,22.8,NA,24.3,2,Black,1,0
9,14,2,01/12/2025,Morning,8,26,8.23,25.4,NA,27.2,1,NeonYellow,1,0
10,14,2,01/12/2025,Morning,8,29,10.75,17.3,NA,27.7,2,Brown,1,0
11,8,2,01/12/2025,Afternoon,5,34,16.54,13.2,NA,23.2,3,Brown,1,0
12,8,2,01/12/2025,Afternoon,5,29,11.09,NA,NA,19.9,4,Black,0,0
13,8,2,01/12/2025,Afternoon,5,34,14.32,NA,18.1,21.1,3,Orange,0,1
14,8,2,01/12/2025,Afternoon,5,29,10.41,13.1,17.1,20.8,1,Blue,1,1
15,8,2,01/12/2025,Afternoon,5,26,9.99,14.2,,20,1,Purple,1,0
16,8,2,01/12/2025,Afternoon,5,31,14.64,15.5,,23.2,3,Gold,1,0
17,8,2,01/12/2025,Afternoon,5,27,10.59,11.4,,18.3,3,Green,1,0
18,8,2,01/12/2025,Afternoon,5,33,15.5,15.8,,19.2,1,Yellow,1,0
19,8,2,01/12/2025,Afternoon,5,27,9.98,12.4,19.7,20.3,1,Pink,1,1
20,8,2,01/12/2025,Afternoon,5,29,11.19,12.1,18.7,20.8,3,NeonYellow,1,1
21,8,2,02/12/2025,Morning,9,36,5.7,12.6,18.5,22.8,4,Brown,1,1
22,8,2,02/12/2025,Morning,9,25,16.27,15.2,NA,18,2,Yellow,1,0
23,8,2,02/12/2025,Morning,9,29,8.72,14.3,NA,21.3,3,Orange,1,0
24,8,2,02/12/2025,Morning,9,26,7.13,NA,17.8,24.8,3,Green,0,1
25,8,2,02/12/2025,Morning,9,22,5.7,17.3,,18.7,4,NeonYellow,1,0
26,8,2,02/12/2025,Morning,9,32,19.06,16.1,20.5,24.9,2,Purple,1,1
27,8,2,02/12/2025,Morning,9,26,6.17,14.3,21.6,21.8,2,Pink,1,1
28,8,2,02/12/2025,Morning,9,29,8.8,14.5,NA,20.8,1,Gold,1,0
29,8,2,02/12/2025,Morning,9,24,5.5,20.5,17.4,23.2,3,Blue,1,1
30,8,2,02/12/2025,Morning,9,NA,NA,NA,NA,NA,NA,NA,NA,NA
31,14,2,02/12/2025,Afternoon,10,25,7.5,17.8,NA,26.3,2,Pink,1,0
32,14,2,02/12/2025,Afternoon,10,24,6.52,21,NA,28.2,3,Gold,1,0
33,14,2,02/12/2025,Afternoon,10,37,23.49,24.5,21.6,25.8,1,NeonYellow,1,1
34,14,2,02/12/2025,Afternoon,10,36,18.96,19.2,NA,26.6,2,Orange,1,0
35,14,2,02/12/2025,Afternoon,10,25,6.28,19.7,NA,23.1,2,Yellow,1,0
36,14,2,02/12/2025,Afternoon,10,35,21.72,17.6,17.6,27.1,3,Blue,1,1
37,14,2,02/12/2025,Afternoon,10,26,7.67,22,NA,28.4,1,Purple,1,0
38,14,2,02/12/2025,Afternoon,10,29,10.54,19.3,19.3,27.7,4,Brown,1,1
39,14,2,02/12/2025,Afternoon,10,25,6.89,17.1,18,26.7,1,Green,1,1
40,14,2,02/12/2025,Afternoon,10,NA,NA,NA,NA,NA,NA,Black,NA,NA