Ind,Treatment,Trial,Date,Time,Tank,Weight,Tubefeet,Spines,LossofAdhesion,TubeProb,SpineProb,Cage Rotations,TagColour,Spine,Test,Notes
1,27,1,04/06/2026,Morning,3,44.54,32.4,33.4,36.4,1,1,1,Purple,WP,G,
2,27,1,04/06/2026,Morning,3,61.43,33.6,34.9,36.4,1,1,4,Yellow,G,G,
3,27,1,04/06/2026,Morning,3,55.8,32.3,NA,35.6,1,0,1,Blue,WP,G,
4,27,1,04/06/2026,Morning,3,69.17,NA,NA,35,0,0,1,Orange,GR,GW,
5,27,1,04/06/2026,Morning,3,38.77,30.8,NA,35.9,1,0,2,Red,R,D,
6,27,1,04/06/2026,Morning,3,48.71,33.11,NA,33.4,1,0,2,Gold,GR,GW,
7,27,1,04/06/2026,Morning,3,48.03,33.6,34.4,34.4,1,1,3,Brown,R,D,
8,27,1,04/06/2026,Morning,3,43.21,33.8,NA,35.8,1,0,2,Pink,R,D,
9,27,1,04/06/2026,Morning,3,42.66,30.8,34,35.4,1,1,3,Black,G,GR,
10,27,1,04/06/2026,Morning,3,47.23,33.8,NA,36.6,1,0,3,Green,G,G,
1,21,1,04/06/2026,Afternoon,8,37.27,31.3,32.9,32.9,1,1,1,Pink,R,D,
2,21,1,04/06/2026,Afternoon,8,36.8,30.8,32,34.2,1,1,3,Black,P,G,
3,21,1,04/06/2026,Afternoon,8,63.72,29,NA,32.8,1,0,1,Brown,P,W,
4,21,1,04/06/2026,Afternoon,8,55.63,30.9,NA,33.7,1,0,6,Gold,P,GW,
5,21,1,04/06/2026,Afternoon,8,36.06,24.8,NA,33.5,1,0,2,Green,P,G,
6,21,1,04/06/2026,Afternoon,8,56.61,26.1,26.7,31.3,1,1,3,Red,P,G,
7,21,1,04/06/2026,Afternoon,8,54.23,NA,NA,32.2,0,0,3,Yellow,W,G,
8,21,1,04/06/2026,Afternoon,8,59.06,28.1,NA,32.9,1,0,1,Orange,G,G,
9,21,1,04/06/2026,Afternoon,8,37.5,NA,31.1,32.3,0,1,4,Purple,G,D,
10,21,1,04/06/2026,Afternoon,8,44.45,33.5,NA,34.9,1,0,2,Blue,W,G,
1,27,1,05/06/2026,Morning,9,48.36,36.6,NA,37.3,1,0,2,Red,P,G,
2,27,1,05/06/2026,Morning,9,47.31,NA,NA,NA,NA,NA,NA,Yellow,NA,NA,SpineLoss
3,27,1,05/06/2026,Morning,9,48.37,31.5,NA,33.2,1,0,3,Gold,P,G,
4,27,1,05/06/2026,Morning,9,36.97,30.4,NA,34.1,1,0,1,Blue,W,GW,
5,27,1,05/06/2026,Morning,9,41.42,33.6,NA,37.6,1,0,3,Purple,P,G,
6,27,1,05/06/2026,Morning,9,59.47,31.6,35.9,37.4,1,1,2,Orange,G,G,
7,27,1,05/06/2026,Morning,9,53.85,NA,NA,33.33,0,0,2,Pink,R,GW,
8,27,1,05/06/2026,Morning,9,35.53,NA,31.5,33.8,0,1,3,Green,R,G,
9,27,1,05/06/2026,Morning,9,33.58,NA,33.1,33.8,0,1,2,Brown,R,D,
10,27,1,05/06/2026,Morning,9,45.79,NA,NA,35.4,0,0,2,Black,GW,W,
1,21,1,05/06/2026,Afternoon,10,37.19,29.8,NA,31.5,1,0,0,Yellow,G,GW,
2,21,1,05/06/2026,Afternoon,10,66.92,25.5,25.5,33,1,1,5,Red,NA,NA,
3,21,1,05/06/2026,Afternoon,10,43.37,NA,NA,32.4,0,0,5,Black,R,GW,
4,21,1,05/06/2026,Afternoon,10,42.33,30,NA,33.4,1,0,1,Green,R,GW,
5,21,1,05/06/2026,Afternoon,10,41.3,NA,30.6,32.3,0,1,3,Purple,R,GW,
6,21,1,05/06/2026,Afternoon,10,59.69,30.4,NA,32.6,1,0,0,Blue,P,G,
7,21,1,05/06/2026,Afternoon,10,41.18,24.8,NA,31.9,1,0,0,Brown,WP,G,
8,21,1,05/06/2026,Afternoon,10,42.62,26.7,NA,32.8,1,0,0,Gold,R,GW,
9,21,1,05/06/2026,Afternoon,10,53.07,27.8,NA,33,1,0,1,Orange,WP,GW,
10,21,1,05/06/2026,Afternoon,10,41.15,26.1,27.5,31.6,1,1,2,Pink,W,GW,
1,27,2,11/06/2026,Afternoon,3,48.17,32.1,,34.4,1,0,4,Brown,,,
2,27,2,11/06/2026,Afternoon,3,44.16,,31.9,36.6,0,1,2,Purple,,,
3,27,2,11/06/2026,Afternoon,3,60.25,,,34.7,0,0,2,Yellow,,,
4,27,2,11/06/2026,Afternoon,3,55.26,31,,35.7,1,0,1,Blue,,,
5,27,2,11/06/2026,Afternoon,3,48.06,,,33.2,0,0,4,Gold,,,
6,27,2,11/06/2026,Afternoon,3,43.66,,,35.4,0,0,2,Pink,,,Heat issue
7,27,2,11/06/2026,Afternoon,3,43.08,NA,NA,NA,NA,NA,NA,NA,NA,NA,Heat issue; Died
8,27,2,11/06/2026,Afternoon,3,69.82,,,37.4,1,0,1,Orange,,,Heat issue; Died next day
9,27,2,11/06/2026,Afternoon,3,38.96,NA,NA,NA,NA,NA,NA,NA,NA,NA,Heat issue; Died
10,27,2,11/06/2026,Afternoon,3,47.39,NA,NA,NA,NA,NA,NA,NA,NA,NA,Heat issue; Died
1,21,2,11/06/2026,Morning,8,36.03,26.8,,34.6,1,0,2,Pink,,,
2,21,2,11/06/2026,Morning,8,35.85,28.7,,33,1,0,0,Green,,,
3,21,2,11/06/2026,Morning,8,36.29,29,,33.3,1,0,2,Black,,,
4,21,2,11/06/2026,Morning,8,43.34,26.4,,32.1,1,0,1,Blue,,,
5,21,2,11/06/2026,Morning,8,54.74,27.7,,33.2,1,0,4,Gold,,,
6,21,2,11/06/2026,Morning,8,37.8,31.2,,31.8,1,0,1,Purple,,,
7,21,2,11/06/2026,Morning,8,57.67,25.6,,32.5,1,0,1,Orange,,,
8,21,2,11/06/2026,Morning,8,62.59,,,31.2,1,0,1,Brown,,,
9,21,2,11/06/2026,Morning,8,55.8,,,31.4,1,0,4,Red,,,
10,21,2,11/06/2026,Morning,8,52.91,,,33,1,0,1,Yellow,,,
1,27,2,12/06/2026,Afternoon,9,27.8,28.9,29.3,35.1,1,1,0,Brown,,,
2,27,2,12/06/2026,Afternoon,9,44.03,31.1,,36.8,1,0,1,Purple,,,
3,27,2,12/06/2026,Afternoon,9,53.53,31.2,,34.7,1,0,2,Pink,,,
4,27,2,12/06/2026,Afternoon,9,47.33,31.2,,35.1,1,0,4,Red,,,
5,27,2,12/06/2026,Afternoon,9,36.55,29.8,,34.3,1,0,2,Blue,,,
6,27,2,12/06/2026,Afternoon,9,45.89,31.4,31.7,36.5,1,1,3,Black,,,
7,27,2,12/06/2026,Afternoon,9,47.77,,,32.7,1,0,1,Gold,,,
8,27,2,12/06/2026,Afternoon,9,35.47,29.7,35.3,36.1,1,1,2,Green,,,
9,27,2,12/06/2026,Afternoon,9,58.3,34.9,36.9,37,1,1,0,Orange,,,
10,27,2,12/06/2026,Afternoon,9,NA,,,,0,0,,,,,
1,21,2,12/06/2026,Morning,10,53.26,22.5,,31.7,1,0,2,Orange,,,
2,21,2,12/06/2026,Morning,10,42.71,27.7,,34.7,1,0,2,Green,,,
3,21,2,12/06/2026,Morning,10,41.27,31.2,,33.6,1,0,1,Purple,,,
4,21,2,12/06/2026,Morning,10,42.94,26.6,,34.2,1,0,1,Gold,,,
5,21,2,12/06/2026,Morning,10,59.66,28.3,,35.7,1,0,1,Blue,,,
6,21,2,12/06/2026,Morning,10,43.24,26.8,,34.1,1,0,2,Black,,,
7,21,2,12/06/2026,Morning,10,41.37,26,23.9,33,1,1,0,Brown,,,
8,21,2,12/06/2026,Morning,10,41.28,26.1,,31.5,1,0,2,Pink,,,
9,21,2,12/06/2026,Morning,10,66.57,23.7,23.7,33.4,1,1,6,Red,,,
10,21,2,12/06/2026,Morning,10,37.2,,24.3,31.7,1,1,1,Yellow,,,