UrchinID,Tank,Treatment,Date,Week,Weight_g,min,sec,Righting_time,Colour,ExpPhase,Tag,Notes
1,3,27,04/05/2026,1,69.53,,,408,Light,Pre,,
2,3,27,04/05/2026,1,49.1,3,10,190,Light,Pre,,
3,3,27,04/05/2026,1,48.06,3,20,200,Dark,Pre,,
4,3,27,04/05/2026,1,43.56,2,12,132,Light,Pre,,
5,3,27,04/05/2026,1,43.76,,56,56,Dark,Pre,,
6,3,27,04/05/2026,1,56.72,6,,360,Light,Pre,,
7,3,27,04/05/2026,1,47.06,3,52,232,Light,Pre,,
8,3,27,04/05/2026,1,38.13,2,44,164,Dark,Pre,,
9,3,27,04/05/2026,1,39.09,1,40,100,Dark,Pre,,
10,3,27,04/05/2026,1,50,,50,50,Dark,Pre,,
11,3,27,04/05/2026,1,43.87,1,39,99,Light,Pre,,
12,3,27,04/05/2026,1,60.5,3,1,181,Dark,Pre,,
1,8,21,04/05/2026,1,57.18,1,33,93,Dark,Pre,,
2,8,21,04/05/2026,1,37.88,1,46,106,Light,Pre,,
3,8,21,04/05/2026,1,44,1,39,99,Light,Pre,,
4,8,21,04/05/2026,1,37.48,1,48,108,Light,Pre,,
5,8,21,04/05/2026,1,64.14,2,44,164,Light,Pre,,
6,8,21,04/05/2026,1,55.77,3,2,182,Light,Pre,,
7,8,21,04/05/2026,1,59.33,2,52,172,Light,Pre,,
8,8,21,04/05/2026,1,38,1,31,91,Light,Pre,,
9,8,21,04/05/2026,1,41.26,1,33,93,Light,Pre,,
10,8,21,04/05/2026,1,35.1,1,26,86,Dark,Pre,,
11,8,21,04/05/2026,1,52.33,2,44,164,Light,Pre,,
12,8,21,04/05/2026,1,41.52,4,30,270,Light,Pre,,
1,9,27,05/05/2026,1,49.31,5,26,326,Dark,Pre,,
2,9,27,05/05/2026,1,35.97,2,7,127,Light,Pre,,
3,9,27,05/05/2026,1,55.91,2,56,176,Light,Pre,,
4,9,27,05/05/2026,1,49.37,3,9,189,Dark,Pre,,
5,9,27,05/05/2026,1,48.95,2,26,146,Dark,Pre,,
6,9,27,05/05/2026,1,34.47,3,25,205,Dark,Pre,,
7,9,27,05/05/2026,1,25.89,8,30,510,Light,Pre,,
8,9,27,05/05/2026,1,41.26,5,21,321,Dark,Pre,,
9,9,27,05/05/2026,1,47.33,3,15,195,Light,Pre,,
10,9,27,05/05/2026,1,54.36,1,54,114,Dark,Pre,,
11,9,27,05/05/2026,1,37.63,2,39,159,Light,Pre,,
12,9,27,05/05/2026,1,60.01,1,50,110,Dark,Pre,,
1,10,21,05/05/2026,1,20.43,3,10,190,Light,Pre,,
2,10,21,05/05/2026,1,66.63,2,49,169,Light,Pre,,
3,10,21,05/05/2026,1,41.45,1,51,111,Dark,Pre,,
4,10,21,05/05/2026,1,54.24,4,5,245,Dark,Pre,,
5,10,21,05/05/2026,1,42.1,2,10,130,Dark,Pre,,
6,10,21,05/05/2026,1,38.07,1,10,70,Dark,Pre,,
7,10,21,05/05/2026,1,41.38,3,52,232,Dark,Pre,,
8,10,21,05/05/2026,1,59.34,1,1,61,Dark,Pre,,
9,10,21,05/05/2026,1,42.82,1,4,64,Dark,Pre,,
10,10,21,05/05/2026,1,41.51,2,46,166,Light,Pre,,
11,10,21,05/05/2026,1,33.86,1,49,109,Light,Pre,,
12,10,21,05/05/2026,1,43.43,2,23,143,Dark,Pre,,
13,10,21,05/05/2026,1,43.75,1,54,114,Dark,Pre,,
1,3,27,11/05/2026,2,,1,57,117,Dark,Exp,,
2,3,27,11/05/2026,2,,1,45,105,Light,Exp,,
3,3,27,11/05/2026,2,,1,38,98,Light,Exp,,
4,3,27,11/05/2026,2,,1,12,72,Dark,Exp,,
5,3,27,11/05/2026,2,,2,0,120,Dark,Exp,,
6,3,27,11/05/2026,2,,1,13,73,Dark,Exp,,
7,3,27,11/05/2026,2,,1,31,91,Dark,Exp,,
8,3,27,11/05/2026,2,,1,29,89,Dark,Exp,,
9,3,27,11/05/2026,2,,2,49,169,Light,Exp,,
10,3,27,11/05/2026,2,,0,45,45,Light,Exp,,
11,3,27,11/05/2026,2,,2,10,130,Light,Exp,,
12,3,27,11/05/2026,2,,1,22,82,Light,Exp,,
1,8,21,11/05/2026,2,,1,43,103,Light,Exp,,
2,8,21,11/05/2026,2,,2,10,130,Light,Exp,,
3,8,21,11/05/2026,2,,3,44,224,Light,Exp,,
4,8,21,11/05/2026,2,,1,45,105,Light,Exp,,
5,8,21,11/05/2026,2,,1,29,89,Dark,Exp,,
6,8,21,11/05/2026,2,,1,55,115,Light,Exp,,
7,8,21,11/05/2026,2,,3,14,194,Light,Exp,,
8,8,21,11/05/2026,2,,8,22,502,Dark,Exp,,
9,8,21,11/05/2026,2,,1,25,85,Light,Exp,,
10,8,21,11/05/2026,2,,2,56,176,Dark,Exp,,
11,8,21,11/05/2026,2,,3,17,197,Light,Exp,,
12,8,21,11/05/2026,2,,1,34,94,Light,Exp,,
1,9,27,12/05/2026,2,,1,2,62,Light,Exp,,
2,9,27,12/05/2026,2,,1,48,108,Light,Exp,,
3,9,27,12/05/2026,2,,2,32,152,Dark,Exp,,
4,9,27,12/05/2026,2,,8,30,510,Light,Exp,,
5,9,27,12/05/2026,2,,4,4,244,Dark,Exp,,
6,9,27,12/05/2026,2,,1,57,117,Dark,Exp,,
7,9,27,12/05/2026,2,,9,21,561,Dark,Exp,,
8,9,27,12/05/2026,2,,3,28,208,Dark,Exp,,
9,9,27,12/05/2026,2,,2,28,148,Dark,Exp,,
10,9,27,12/05/2026,2,,2,54,174,Light,Exp,,
11,9,27,12/05/2026,2,,2,52,172,Dark,Exp,,
12,9,27,12/05/2026,2,,2,58,178,Dark,Exp,,
1,10,21,12/05/2026,2,,2,5,125,Light,Exp,,
2,10,21,12/05/2026,2,,2,8,128,Dark,Exp,,
3,10,21,12/05/2026,2,,2,21,141,Light,Exp,,
4,10,21,12/05/2026,2,,4,21,261,Light,Exp,,
5,10,21,12/05/2026,2,,1,55,115,Light,Exp,,
6,10,21,12/05/2026,2,,5,19,319,Light,Exp,,
7,10,21,12/05/2026,2,,1,34,94,Dark,Exp,,
8,10,21,12/05/2026,2,,3,12,192,Dark,Exp,,
9,10,21,12/05/2026,2,,1,49,109,Light,Exp,,
10,10,21,12/05/2026,2,,1,33,93,Dark,Exp,,
11,10,21,12/05/2026,2,,5,11,311,Dark,Exp,,
12,10,21,12/05/2026,2,,1,40,100,Dark,Exp,,
13,10,21,12/05/2026,2,,2,25,145,Light,Exp,,
1,3,27,18/05/2026,3,,1,53,113,Dark,Exp,,
2,3,27,18/05/2026,3,,2,41,161,Light,Exp,,
3,3,27,18/05/2026,3,,3,56,236,Dark,Exp,,
4,3,27,18/05/2026,3,,2,16,136,Dark,Exp,,
5,3,27,18/05/2026,3,,3,57,237,Dark,Exp,,
6,3,27,18/05/2026,3,,1,41,101,Light,Exp,,
7,3,27,18/05/2026,3,,1,55,115,Light,Exp,,
8,3,27,18/05/2026,3,,1,40,100,Light,Exp,,
9,3,27,18/05/2026,3,,1,25,85,Dark,Exp,,
10,3,27,18/05/2026,3,,2,8,128,Light,Exp,,
11,3,27,18/05/2026,3,,1,32,92,Dark,Exp,,
12,3,27,18/05/2026,3,,1,27,87,Dark,Exp,,
1,8,21,18/05/2026,3,,1,48,108,Light,Exp,,
2,8,21,18/05/2026,3,,2,21,141,Dark,Exp,,
3,8,21,18/05/2026,3,,2,4,124,Dark,Exp,,
4,8,21,18/05/2026,3,,2,32,152,Light,Exp,,
5,8,21,18/05/2026,3,,1,41,101,Light,Exp,,
6,8,21,18/05/2026,3,,3,31,211,Light,Exp,,
7,8,21,18/05/2026,3,,3,2,182,Dark,Exp,,
8,8,21,18/05/2026,3,,2,5,125,Dark,Exp,,
9,8,21,18/05/2026,3,,2,28,148,Light,Exp,,
10,8,21,18/05/2026,3,,2,1,121,Light,Exp,,
11,8,21,18/05/2026,3,,3,5,185,Light,Exp,,
12,8,21,18/05/2026,3,,3,26,206,Light,Exp,,
1,9,27,19/05/2026,3,,2,34,154,Dark,Exp,,
2,9,27,19/05/2026,3,,2,16,136,Light,Exp,,
3,9,27,19/05/2026,3,,1,20,80,Dark,Exp,,
4,9,27,19/05/2026,3,,1,50,110,Dark,Exp,,
5,9,27,19/05/2026,3,,4,57,297,Dark,Exp,,
6,9,27,19/05/2026,3,,4,49,289,Light,Exp,,
7,9,27,19/05/2026,3,,1,41,101,Dark,Exp,,
8,9,27,19/05/2026,3,,2,29,149,Light,Exp,,
9,9,27,19/05/2026,3,,10,0,600,Light,Exp,,Max
10,9,27,19/05/2026,3,,2,1,121,Dark,Exp,,
11,9,27,19/05/2026,3,,1,13,73,Light,Exp,,
12,9,27,19/05/2026,3,,NA,NA,NA,NA,Exp,,Died
1,10,21,19/05/2026,3,,2,5,125,Dark,Exp,,
2,10,21,19/05/2026,3,,3,48,228,Dark,Exp,,
3,10,21,19/05/2026,3,,3,36,216,Dark,Exp,,
4,10,21,19/05/2026,3,,2,59,179,Dark,Exp,,
5,10,21,19/05/2026,3,,1,23,83,Light,Exp,,
6,10,21,19/05/2026,3,,2,52,172,Light,Exp,,
7,10,21,19/05/2026,3,,8,55,535,Dark,Exp,,
8,10,21,19/05/2026,3,,2,22,142,Dark,Exp,,
9,10,21,19/05/2026,3,,0,46,46,Dark,Exp,,
10,10,21,19/05/2026,3,,1,59,119,Dark,Exp,,
11,10,21,19/05/2026,3,,2,43,163,Dark,Exp,,
12,10,21,19/05/2026,3,,1,47,107,Light,Exp,,
13,10,21,19/05/2026,3,,2,30,150,Light,Exp,,
1,3,27,25/05/2026,4,,2,25,145,Light,Exp,,
2,3,27,25/05/2026,4,,2,20,140,Dark,Exp,,
3,3,27,25/05/2026,4,,2,20,140,Dark,Exp,,
4,3,27,25/05/2026,4,,1,32,92,Light,Exp,,
5,3,27,25/05/2026,4,,2,13,133,Light,Exp,,
6,3,27,25/05/2026,4,,2,46,166,Light,Exp,,
7,3,27,25/05/2026,4,,1,11,71,Dark,Exp,,
8,3,27,25/05/2026,4,,5,47,347,Light,Exp,,
9,3,27,25/05/2026,4,,2,18,138,Dark,Exp,,
10,3,27,25/05/2026,4,,1,26,86,Dark,Exp,,
11,3,27,25/05/2026,4,,1,25,85,Light,Exp,,
12,3,27,25/05/2026,4,,2,23,143,Light,Exp,,
1,8,21,25/05/2026,4,,7,34,454,Light,Exp,,
2,8,21,25/05/2026,4,,2,24,144,Dark,Exp,,
3,8,21,25/05/2026,4,,2,9,129,Dark,Exp,,
4,8,21,25/05/2026,4,,10,0,600,Light,Exp,,Max
5,8,21,25/05/2026,4,,1,40,100,Light,Exp,,
6,8,21,25/05/2026,4,,2,11,131,Dark,Exp,,
7,8,21,25/05/2026,4,,2,24,144,Dark,Exp,,
8,8,21,25/05/2026,4,,1,44,104,Light,Exp,,
9,8,21,25/05/2026,4,,2,9,129,Light,Exp,,
10,8,21,25/05/2026,4,,2,44,164,Light,Exp,,
11,8,21,25/05/2026,4,,2,22,142,Dark,Exp,,
12,8,21,25/05/2026,4,,1,47,107,Dark,Exp,,
1,9,27,26/05/2026,4,,3,2,182,Light,Exp,,
2,9,27,26/05/2026,4,,1,44,104,Dark,Exp,,
3,9,27,26/05/2026,4,,2,35,155,Dark,Exp,,
4,9,27,26/05/2026,4,,1,55,115,Dark,Exp,,
5,9,27,26/05/2026,4,,5,26,326,Light,Exp,,
6,9,27,26/05/2026,4,,2,48,168,Light,Exp,,
7,9,27,26/05/2026,4,,4,,240,Dark,Exp,,
8,9,27,26/05/2026,4,,2,31,151,Dark,Exp,,
9,9,27,26/05/2026,4,,1,15,75,Dark,Exp,,
10,9,27,26/05/2026,4,,1,14,74,Dark,Exp,,
11,9,27,26/05/2026,4,,NA,NA,NA,NA,Exp,,Died
12,9,27,26/05/2026,4,,NA,NA,NA,NA,Exp,,
1,10,21,26/05/2026,4,,4,49,289,Light,Exp,,
2,10,21,26/05/2026,4,,1,26,86,Light,Exp,,
3,10,21,26/05/2026,4,,4,2,242,Light,Exp,,
4,10,21,26/05/2026,4,,1,17,77,Dark,Exp,,
5,10,21,26/05/2026,4,,1,31,91,Light,Exp,,
6,10,21,26/05/2026,4,,1,38,98,Dark,Exp,,
7,10,21,26/05/2026,4,,2,23,143,Light,Exp,,
8,10,21,26/05/2026,4,,1,13,73,Light,Exp,,
9,10,21,26/05/2026,4,,1,50,110,Dark,Exp,,
10,10,21,26/05/2026,4,,2,16,136,Dark,Exp,,
11,10,21,26/05/2026,4,,2,25,145,Light,Exp,,
12,10,21,26/05/2026,4,,3,26,206,Light,Exp,,
13,10,21,26/05/2026,4,,1,37,97,Light,Exp,,
1,3,27,01/06/2026,5,,1,50,110,Dark,Exp,,
2,3,27,01/06/2026,5,,2,5,125,Light,Exp,,
3,3,27,01/06/2026,5,,1,46,106,Light,Exp,,
4,3,27,01/06/2026,5,,2,7,127,Dark,Exp,,
5,3,27,01/06/2026,5,,2,30,150,Dark,Exp,,
6,3,27,01/06/2026,5,,1,44,104,Dark,Exp,,
7,3,27,01/06/2026,5,,1,40,100,Light,Exp,,
8,3,27,01/06/2026,5,,2,29,149,Light,Exp,,
9,3,27,01/06/2026,5,,2,20,140,Dark,Exp,,
10,3,27,01/06/2026,5,,2,15,135,Light,Exp,,
11,3,27,01/06/2026,5,,1,43,103,Dark,Exp,,
12,3,27,01/06/2026,5,,2,12,132,Light,Exp,,
1,8,21,01/06/2026,5,,3,58,238,Light,Exp,,
2,8,21,01/06/2026,5,,2,36,156,Dark,Exp,,
3,8,21,01/06/2026,5,,1,37,97,Dark,Exp,,
4,8,21,01/06/2026,5,,4,19,259,Light,Exp,,
5,8,21,01/06/2026,5,,1,54,114,Light,Exp,,
6,8,21,01/06/2026,5,,1,39,99,Light,Exp,,
7,8,21,01/06/2026,5,,1,15,75,Light,Exp,,
8,8,21,01/06/2026,5,,2,45,165,Light,Exp,,
9,8,21,01/06/2026,5,,2,33,153,Light,Exp,,
10,8,21,01/06/2026,5,,3,49,229,Dark,Exp,,
11,8,21,01/06/2026,5,,2,22,142,Light,Exp,,
12,8,21,01/06/2026,5,,2,6,126,Light,Exp,,
1,9,27,02/06/2026,5,,3,5,185,Light,Exp,,
2,9,27,02/06/2026,5,,2,2,122,Light,Exp,,
3,9,27,02/06/2026,5,,1,46,106,Dark,Exp,,
4,9,27,02/06/2026,5,,1,18,78,Light,Exp,,
5,9,27,02/06/2026,5,,10,0,600,Light,Exp,,Max
6,9,27,02/06/2026,5,,3,25,205,Dark,Exp,,
7,9,27,02/06/2026,5,,1,49,109,Dark,Exp,,
8,9,27,02/06/2026,5,,2,27,147,Light,Exp,,
9,9,27,02/06/2026,5,,2,23,143,Dark,Exp,,
10,9,27,02/06/2026,5,,1,50,110,Light,Exp,,
11,9,27,02/06/2026,5,,NA,NA,NA,NA,Exp,,
12,9,27,02/06/2026,5,,NA,NA,NA,NA,Exp,,
1,10,21,02/06/2026,5,,8,46,526,Light,Exp,,
2,10,21,02/06/2026,5,,3,37,217,Dark,Exp,,
3,10,21,02/06/2026,5,,2,6,126,Light,Exp,,
4,10,21,02/06/2026,5,,2,1,121,Dark,Exp,,
5,10,21,02/06/2026,5,,2,55,175,Dark,Exp,,
6,10,21,02/06/2026,5,,2,8,128,Light,Exp,,
7,10,21,02/06/2026,5,,1,50,110,Light,Exp,,
8,10,21,02/06/2026,5,,1,11,71,Light,Exp,,
9,10,21,02/06/2026,5,,3,13,193,Dark,Exp,,
10,10,21,02/06/2026,5,,2,19,139,Light,Exp,,
11,10,21,02/06/2026,5,,1,42,102,Dark,Exp,,
12,10,21,02/06/2026,5,,4,2,242,Dark,Exp,,
13,10,21,02/06/2026,5,,4,8,248,Light,Exp,,
1,3,27,08/06/2026,6,,1,33,93,,Post,Pink,
2,3,27,08/06/2026,6,,3,50,230,,Post,Gold,
3,3,27,08/06/2026,6,,1,12,72,,Post,Red,
4,3,27,08/06/2026,6,,2,5,125,,Post,Blue,
5,3,27,08/06/2026,6,,1,32,92,,Post,Green,
6,3,27,08/06/2026,6,,1,36,96,,Post,Orange,
7,3,27,08/06/2026,6,,1,44,104,,Post,Yellow,
8,3,27,08/06/2026,6,,1,3,63,,Post,Purple,
9,3,27,08/06/2026,6,,1,55,115,,Post,Black,
10,3,27,08/06/2026,6,,1,33,93,,Post,Brown,
11,3,27,08/06/2026,6,NA,NA,NA,NA,NA,NA,,
12,3,27,08/06/2026,6,NA,NA,NA,NA,NA,NA,,
1,8,21,08/06/2026,6,,3,17,197,,Post,Black,
2,8,21,08/06/2026,6,,2,56,176,,Post,Red,
3,8,21,08/06/2026,6,,3,2,182,,Post,Orange,
4,8,21,08/06/2026,6,,1,45,105,,Post,Green,
5,8,21,08/06/2026,6,,1,20,80,,Post,Pink,
6,8,21,08/06/2026,6,,2,21,141,,Post,Blue,
7,8,21,08/06/2026,6,,1,43,103,,Post,Yellow,
8,8,21,08/06/2026,6,,1,31,91,,Post,Purple,
9,8,21,08/06/2026,6,,1,46,106,,Post,Brown,
10,8,21,08/06/2026,6,,1,35,95,,Post,Gold,
11,8,21,08/06/2026,6,NA,NA,NA,NA,NA,NA,,
12,8,21,08/06/2026,6,NA,NA,NA,NA,NA,NA,,
1,9,27,09/06/2026,6,,2,0,120,,Post,Blue,
2,9,27,09/06/2026,6,,7,0,420,,Post,Gold,
3,9,27,09/06/2026,6,,2,9,129,,Post,Green,
4,9,27,09/06/2026,6,,2,12,132,,Post,Purple,
5,9,27,09/06/2026,6,,3,49,229,,Post,Black,
6,9,27,09/06/2026,6,,2,19,139,,Post,Red,
7,9,27,09/06/2026,6,,3,46,226,,Post,Pink,
8,9,27,09/06/2026,6,,3,44,224,,Post,Orange,
9,9,27,09/06/2026,6,,2,52,172,,Post,Brown,
10,9,27,09/06/2026,6,NA,NA,NA,NA,NA,NA,,
11,9,27,09/06/2026,6,NA,NA,NA,NA,NA,NA,,
12,9,27,09/06/2026,6,NA,NA,NA,NA,NA,NA,,
1,10,21,09/06/2026,6,,2,49,169,,Post,Orange,
2,10,21,09/06/2026,6,,2,38,158,,Post,Black,
3,10,21,09/06/2026,6,,8,20,500,,Post,Gold,
4,10,21,09/06/2026,6,,10,0,600,,Post,Brown,Max
5,10,21,09/06/2026,6,,1,1,61,,Post,Purple,
6,10,21,09/06/2026,6,,4,12,252,,Post,Red,
7,10,21,09/06/2026,6,,3,46,226,,Post,Green,
8,10,21,09/06/2026,6,,10,0,600,,Post,Pink,Max
9,10,21,09/06/2026,6,,7,52,472,,Post,Yellow,
10,10,21,09/06/2026,6,,1,9,69,,Post,Blue,
11,10,21,09/06/2026,6,NA,NA,NA,NA,NA,NA,,
12,10,21,09/06/2026,6,NA,NA,NA,NA,NA,NA,,
13,10,21,09/06/2026,6,NA,NA,NA,NA,NA,NA,,
1,3,27,15/06/2026,7,,10,,600,,Post2,Yellow,
2,3,27,15/06/2026,7,,2,7,127,,Post2,Purple,
3,3,27,15/06/2026,7,,10,,600,,Post2,Gold,
4,3,27,15/06/2026,7,,10,,600,,Post2,Brown,
5,3,27,15/06/2026,7,,6,45,405,,Post2,Blue,
6,3,27,15/06/2026,7,,5,5,305,,Post2,Neon,
7,3,27,15/06/2026,7,,10,,600,,Post2,Silver,
8,3,27,15/06/2026,7,NA,NA,NA,NA,NA,NA,NA,
9,3,27,15/06/2026,7,NA,NA,NA,NA,NA,NA,NA,
10,3,27,15/06/2026,7,NA,NA,NA,NA,NA,NA,NA,
11,3,27,15/06/2026,7,NA,NA,NA,NA,NA,NA,NA,
12,3,27,15/06/2026,7,NA,NA,NA,NA,NA,NA,NA,
1,8,21,15/06/2026,7,,1,46,106,,Post2,Yellow,
2,8,21,15/06/2026,7,,2,43,163,,Post2,Orange,
3,8,21,15/06/2026,7,,2,56,176,,Post2,Brown,
4,8,21,15/06/2026,7,,3,39,219,,Post2,Red,
5,8,21,15/06/2026,7,,1,37,97,,Post2,Green,
6,8,21,15/06/2026,7,,1,44,104,,Post2,Purple,
7,8,21,15/06/2026,7,,3,8,188,,Post2,Blue,
8,8,21,15/06/2026,7,,1,26,86,,Post2,Pink,
9,8,21,15/06/2026,7,,2,33,153,,Post2,Black,
10,8,21,15/06/2026,7,,5,33,333,,Post2,Gold,
11,8,21,15/06/2026,7,NA,NA,NA,NA,NA,NA,NA,
12,8,21,15/06/2026,7,NA,NA,NA,NA,NA,NA,NA,
1,9,27,16/06/2026,7,,5,5,305,,Post2,Black,
2,9,27,16/06/2026,7,,3,55,235,,Post2,Pink,
3,9,27,16/06/2026,7,,3,50,230,,Post2,Purple,
4,9,27,16/06/2026,7,,2,54,174,,Post2,Brown,
5,9,27,16/06/2026,7,,1,10,70,,Post2,Green,
6,9,27,16/06/2026,7,,2,26,146,,Post2,Blue,
7,9,27,16/06/2026,7,,3,12,192,,Post2,Orange,
8,9,27,16/06/2026,7,,2,55,175,,Post2,Gold,
9,9,27,16/06/2026,7,,2,17,137,,Post2,Red,
10,9,27,16/06/2026,7,,NA,NA,NA,NA,NA,NA,
11,9,27,16/06/2026,7,,NA,NA,NA,NA,NA,NA,
12,9,27,16/06/2026,7,,NA,NA,NA,NA,NA,NA,
1,10,21,16/06/2026,7,,2,13,133,,Post2,Blue,
2,10,21,16/06/2026,7,,2,18,138,,Post2,Black,
3,10,21,16/06/2026,7,,5,53,353,,Post2,Brown,
4,10,21,16/06/2026,7,,10,,600,,Post2,Gold,Max
5,10,21,16/06/2026,7,,1,10,70,,Post2,Pink,
6,10,21,16/06/2026,7,,2,6,126,,Post2,Green,
7,10,21,16/06/2026,7,,6,10,370,,Post2,Yellow,
8,10,21,16/06/2026,7,,2,35,155,,Post2,Purple,
9,10,21,16/06/2026,7,,10,,600,,Post2,Red,Max
10,10,21,16/06/2026,7,,10,,600,,Post2,Orange,Max
11,10,21,16/06/2026,7,,NA,NA,NA,NA,NA,NA,
12,10,21,16/06/2026,7,,NA,NA,NA,NA,NA,NA,
13,10,21,16/06/2026,7,,NA,NA,NA,NA,NA,NA,
1,3,27,22/06/2026,8,54.94,10,,600,,Post3,Blue,Max
2,3,27,22/06/2026,8,60.1,9,26,566,,Post3,Yellow,
3,3,27,22/06/2026,8,47.66,4,11,251,,Post3,Brown,
4,3,27,22/06/2026,8,43.89,1,5,65,,Post3,Purple,
5,3,27,22/06/2026,8,47.72,10,,600,,Post3,Gold,
6,3,27,22/06/2026,8,37.21,4,1,241,,Post3,Orange,Max
7,3,27,22/06/2026,8,49.2,10,,600,,Post3,NA,Silver
8,3,27,22/06/2026,8,NA,NA,NA,NA,NA,NA,NA,NA
9,3,27,22/06/2026,8,NA,NA,NA,NA,NA,NA,NA,NA
10,3,27,22/06/2026,8,NA,NA,NA,NA,NA,NA,NA,NA
11,3,27,22/06/2026,8,NA,NA,NA,NA,NA,NA,NA,NA
12,3,27,22/06/2026,8,NA,NA,NA,NA,NA,NA,NA,NA
1,8,21,22/06/2026,8,36.52,1,25,85,,Post3,Pink,
2,8,21,22/06/2026,8,37.37,2,59,179,,Post3,Purple,
3,8,21,22/06/2026,8,55.94,3,42,222,,Post3,Red,
4,8,21,22/06/2026,8,62.87,1,47,107,,Post3,Brown,
5,8,21,22/06/2026,8,57.92,2,13,133,,Post3,Orange,
6,8,21,22/06/2026,8,37.01,2,24,144,,Post3,Black,
7,8,21,22/06/2026,8,35.5,2,6,126,,Post3,Green,
8,8,21,22/06/2026,8,54.78,2,46,166,,Post3,Gold,
9,8,21,22/06/2026,8,53.13,3,34,214,,Post3,Yellow,
10,8,21,22/06/2026,8,43.32,2,34,154,,Post3,Blue,
11,8,21,22/06/2026,8,NA,NA,NA,NA,NA,NA,NA,NA
12,8,21,22/06/2026,8,NA,NA,NA,NA,NA,NA,NA,NA
1,9,27,22/06/2026,8,36.17,2,22,142,,Post3,Blue,
2,9,27,22/06/2026,8,34.76,1,12,72,,Post3,Green,
3,9,27,22/06/2026,8,45.42,10,,600,,Post3,Black,
4,9,27,22/06/2026,8,47.13,3,7,187,,Post3,Red,
5,9,27,22/06/2026,8,47.44,10,,600,,Post3,Gold,
6,9,27,22/06/2026,8,58.22,3,58,238,,Post3,Orange,
7,9,27,22/06/2026,8,32.62,2,23,143,,Post3,Brown,
8,9,27,22/06/2026,8,39.56,3,52,232,,Post3,Purple,
9,9,27,22/06/2026,8,53.55,10,,600,,Post3,Pink,
10,9,27,22/06/2026,8,NA,NA,NA,NA,NA,NA,NA,NA
11,9,27,22/06/2026,8,NA,NA,NA,NA,NA,NA,NA,NA
12,9,27,22/06/2026,8,NA,NA,NA,NA,NA,NA,NA,NA
1,10,21,22/06/2026,8,40.85,4,28,268,,Post3,Purple,
2,10,21,22/06/2026,8,42.78,3,16,196,,Post3,Black,
3,10,21,22/06/2026,8,36.98,2,20,140,,Post3,Yellow,
4,10,21,22/06/2026,8,52.76,7,36,456,,Post3,NA,Silver
5,10,21,22/06/2026,8,58.97,3,7,187,,Post3,Blue,
6,10,21,22/06/2026,8,64.89,7,47,467,,Post3,Red,
7,10,21,22/06/2026,8,42.1,10,,600,,Post3,Gold,
8,10,21,22/06/2026,8,40.18,10,,600,,Post3,Pink,
9,10,21,22/06/2026,8,40.39,10,,600,,Post3,Brown,
10,10,21,22/06/2026,8,42.86,1,51,111,,Post3,Green,
11,10,21,22/06/2026,8,NA,NA,NA,NA,NA,NA,NA,NA
12,10,21,22/06/2026,8,NA,NA,NA,NA,NA,NA,NA,NA
13,10,21,22/06/2026,8,NA,NA,NA,NA,NA,NA,NA,NA