UrchinID,Tank,Treatment,Date,Week,Weight_g,Length_mm,Min,Sec,Righting_time_s,Colour,ExpPhase
1,5,8,30/10/2025,1,14.16,31.5,0,49,49,NA,BeforeCTmax
2,5,8,30/10/2025,1,9.72,24,0,37,37,NA,BeforeCTmax
3,5,8,30/10/2025,1,9.42,30,1,11,71,NA,BeforeCTmax
4,5,8,30/10/2025,1,15.23,32.5,3,4,184,NA,BeforeCTmax
5,5,8,30/10/2025,1,10.48,30.5,0,43,43,NA,BeforeCTmax
6,5,8,30/10/2025,1,9.64,29.5,0,59,59,NA,BeforeCTmax
7,5,8,30/10/2025,1,14.01,32,0,52,52,NA,BeforeCTmax
8,5,8,30/10/2025,1,10.49,32.5,5,15,315,NA,BeforeCTmax
9,5,8,30/10/2025,1,9.22,21.5,0,45,45,NA,BeforeCTmax
10,5,8,30/10/2025,1,13.77,31,0,58,58,NA,BeforeCTmax
11,8,14,30/10/2025,1,14.62,32.5,0,21,21,NA,BeforeCTmax
12,8,14,30/10/2025,1,11.83,30.5,5,15,315,NA,BeforeCTmax
13,8,14,30/10/2025,1,11.12,30.5,1,23,83,NA,BeforeCTmax
14,8,14,30/10/2025,1,5.92,23,0,48,48,NA,BeforeCTmax
15,8,14,30/10/2025,1,11.15,27,8,40,520,NA,BeforeCTmax
16,8,14,30/10/2025,1,12.1,30.5,0,42,42,NA,BeforeCTmax
17,8,14,30/10/2025,1,7.4,26,3,2,182,NA,BeforeCTmax
18,8,14,30/10/2025,1,14.07,33,1,58,118,NA,BeforeCTmax
19,8,14,30/10/2025,1,9.55,26.5,0,31,31,NA,BeforeCTmax
20,8,14,30/10/2025,1,8.13,27,0,39,39,NA,BeforeCTmax
21,9,8,31/10/2025,1,NA,NA,NA,NA,NA,NA,BeforeCTmax
22,9,8,31/10/2025,1,5.92,24,1,32,92,NA,BeforeCTmax
23,9,8,31/10/2025,1,20.67,36,1,60,120,NA,BeforeCTmax
24,9,8,31/10/2025,1,8.67,28,1,54,114,NA,BeforeCTmax
25,9,8,31/10/2025,1,8.16,27.5,1,45,105,NA,BeforeCTmax
26,9,8,31/10/2025,1,10.02,29,0,29,29,NA,BeforeCTmax
27,9,8,31/10/2025,1,17.15,37,0,46,46,NA,BeforeCTmax
28,9,8,31/10/2025,1,5.91,24,0,40,40,NA,BeforeCTmax
29,9,8,31/10/2025,1,6.44,26.5,0,57,57,NA,BeforeCTmax
30,9,8,31/10/2025,1,6.7,24.5,1,13,73,NA,BeforeCTmax
31,10,14,31/10/2025,1,7.23,27.5,0,46,46,NA,BeforeCTmax
32,10,14,31/10/2025,1,6.4,23,0,59,59,NA,BeforeCTmax
33,10,14,31/10/2025,1,21.02,36.5,1,41,101,NA,BeforeCTmax
34,10,14,31/10/2025,1,9.8,27,2,43,163,NA,BeforeCTmax
35,10,14,31/10/2025,1,7.54,25,2,22,142,NA,BeforeCTmax
36,10,14,31/10/2025,1,18.01,38.5,0,39,39,NA,BeforeCTmax
37,10,14,31/10/2025,1,6.51,25.5,0,38,38,NA,BeforeCTmax
38,10,14,31/10/2025,1,6.44,25.5,0,11,11,NA,BeforeCTmax
39,10,14,31/10/2025,1,22.86,39.5,0,50,50,NA,BeforeCTmax
40,10,14,31/10/2025,1,7.05,26.5,0,41,41,NA,BeforeCTmax
1,5,8,06/11/2025,2,10.72,30,0,37,37,NA,BeforeCTmax
2,5,8,06/11/2025,2,14.94,33,0,3,3,NA,BeforeCTmax
3,5,8,06/11/2025,2,10.41,27.5,4,23,263,NA,BeforeCTmax
4,5,8,06/11/2025,2,10.41,31,0,40,40,NA,BeforeCTmax
5,5,8,06/11/2025,2,10.39,29.5,0,48,48,NA,BeforeCTmax
6,5,8,06/11/2025,2,9.36,28.5,1,27,87,NA,BeforeCTmax
7,5,8,06/11/2025,2,14.12,32,0,50,50,NA,BeforeCTmax
8,5,8,06/11/2025,2,15.7,34,1,7,67,NA,BeforeCTmax
9,5,8,06/11/2025,2,9.74,29,0,42,42,NA,BeforeCTmax
10,5,8,06/11/2025,2,13.76,32,2,58,178,NA,BeforeCTmax
11,8,14,06/11/2025,2,11.35,29.5,1,58,118,NA,BeforeCTmax
12,8,14,06/11/2025,2,12.68,30.5,0,43,43,NA,BeforeCTmax
13,8,14,06/11/2025,2,10.12,27.5,7,8,428,NA,BeforeCTmax
14,8,14,06/11/2025,2,12.68,31,1,1,61,NA,BeforeCTmax
15,8,14,06/11/2025,2,8.98,26.5,1,6,66,NA,BeforeCTmax
16,8,14,06/11/2025,2,15.4,34,0,32,32,NA,BeforeCTmax
17,8,14,06/11/2025,2,14.54,32.5,0,44,44,NA,BeforeCTmax
18,8,14,06/11/2025,2,8.09,26,1,1,61,NA,BeforeCTmax
19,8,14,06/11/2025,2,6.2,22.5,0,42,42,NA,BeforeCTmax
20,8,14,06/11/2025,2,11.69,30.5,0,36,36,NA,BeforeCTmax
21,9,8,07/11/2025,2,20.89,39,0,52,52,NA,BeforeCTmax
22,9,8,07/11/2025,2,NA,NA,NA,NA,NA,NA,BeforeCTmax
23,9,8,07/11/2025,2,6.22,24,0,30,30,NA,BeforeCTmax
24,9,8,07/11/2025,2,7.34,25.5,0,59,59,NA,BeforeCTmax
25,9,8,07/11/2025,2,10.5,31,0,33,33,NA,BeforeCTmax
26,9,8,07/11/2025,2,7,25,0,31,31,NA,BeforeCTmax
27,9,8,07/11/2025,2,9.07,30.5,0,37,37,NA,BeforeCTmax
28,9,8,07/11/2025,2,18.01,35,0,27,27,NA,BeforeCTmax
29,9,8,07/11/2025,2,8.79,29.5,1,2,62,NA,BeforeCTmax
30,9,8,07/11/2025,2,6.36,24,0,37,37,NA,BeforeCTmax
31,10,14,07/11/2025,2,7.54,27.5,0,50,50,NA,BeforeCTmax
32,10,14,07/11/2025,2,6.78,25,0,49,49,NA,BeforeCTmax
33,10,14,07/11/2025,2,7.64,25,1,45,105,NA,BeforeCTmax
34,10,14,07/11/2025,2,6.72,24,0,39,39,NA,BeforeCTmax
35,10,14,07/11/2025,2,23.65,39,0,59,59,NA,BeforeCTmax
36,10,14,07/11/2025,2,6.72,25,2,40,160,NA,BeforeCTmax
37,10,14,07/11/2025,2,18.64,38,0,56,56,NA,BeforeCTmax
38,10,14,07/11/2025,2,20.96,37.5,0,47,47,NA,BeforeCTmax
39,10,14,07/11/2025,2,7.86,26,0,59,59,NA,BeforeCTmax
40,10,14,07/11/2025,2,10.49,28,0,55,55,NA,BeforeCTmax
1,5,8,13/11/2025,3,10.71,30,0,58,58,NA,BeforeCTmax
2,5,8,13/11/2025,3,15.16,31.5,0,50,50,NA,BeforeCTmax
3,5,8,13/11/2025,3,14.8,32,1,19,79,NA,BeforeCTmax
4,5,8,13/11/2025,3,11.51,29.5,0,43,43,NA,BeforeCTmax
5,5,8,13/11/2025,3,10.39,29,0,31,31,NA,BeforeCTmax
6,5,8,13/11/2025,3,9.83,28.5,0,44,44,NA,BeforeCTmax
7,5,8,13/11/2025,3,10.26,30.5,1,9,69,NA,BeforeCTmax
8,5,8,13/11/2025,3,15.25,31.5,0,47,47,NA,BeforeCTmax
9,5,8,13/11/2025,3,16.52,33,2,36,156,NA,BeforeCTmax
10,5,8,13/11/2025,3,11.31,30,0,43,43,NA,BeforeCTmax
11,8,14,13/11/2025,3,13.01,32.5,0,35,35,NA,BeforeCTmax
12,8,14,13/11/2025,3,7.09,25,0,28,28,NA,BeforeCTmax
13,8,14,13/11/2025,3,8.58,29.5,0,38,38,NA,BeforeCTmax
14,8,14,13/11/2025,3,13.2,30.5,1,32,92,NA,BeforeCTmax
15,8,14,13/11/2025,3,9.5,27.5,0,49,49,NA,BeforeCTmax
16,8,14,13/11/2025,3,10.36,30,2,24,144,NA,BeforeCTmax
17,8,14,13/11/2025,3,15.48,35.5,0,44,44,NA,BeforeCTmax
18,8,14,13/11/2025,3,12.21,31,1,19,79,NA,BeforeCTmax
19,8,14,13/11/2025,3,15.17,33.5,1,6,66,NA,BeforeCTmax
20,8,14,13/11/2025,3,11.52,30,1,15,75,NA,BeforeCTmax
21,9,8,14/11/2025,3,8.15,29.5,1,59,119,NA,BeforeCTmax
22,9,8,14/11/2025,3,20.66,37,0,57,57,NA,BeforeCTmax
23,9,8,14/11/2025,3,NA,NA,NA,NA,NA,NA,BeforeCTmax
24,9,8,14/11/2025,3,6.27,24,0,39,39,NA,BeforeCTmax
25,9,8,14/11/2025,3,6.69,24,1,31,95,NA,BeforeCTmax
26,9,8,14/11/2025,3,10.3,29,0,35,11,NA,BeforeCTmax
27,9,8,14/11/2025,3,17.46,34,1,11,70,NA,BeforeCTmax
28,9,8,14/11/2025,3,7.21,26,1,10,92,NA,BeforeCTmax
29,9,8,14/11/2025,3,6.06,24,0,32,8,NA,BeforeCTmax
30,9,8,14/11/2025,3,8.84,27.5,1,8,68,NA,BeforeCTmax
31,10,14,14/11/2025,3,6.65,26,1,8,106,NA,BeforeCTmax
32,10,14,14/11/2025,3,10.69,29.5,0,46,1,NA,BeforeCTmax
33,10,14,14/11/2025,3,23.4,38,1,1,109,NA,BeforeCTmax
34,10,14,14/11/2025,3,7.46,25.5,0,49,47,NA,BeforeCTmax
35,10,14,14/11/2025,3,6.86,25,0,47,46,NA,BeforeCTmax
36,10,14,14/11/2025,3,19.07,35,0,46,5,NA,BeforeCTmax
37,10,14,14/11/2025,3,7.84,25,1,5,68,NA,BeforeCTmax
38,10,14,14/11/2025,3,21.09,36.5,1,8,99,NA,BeforeCTmax
39,10,14,14/11/2025,3,7.61,26.5,0,39,40,NA,BeforeCTmax
40,10,14,14/11/2025,3,6.67,24.5,0,40,40,NA,BeforeCTmax
1,5,8,20/11/2025,4,16.38,33,1,4,64,NA,BeforeCTmax
2,5,8,20/11/2025,4,10.65,27.5,0,30,30,NA,BeforeCTmax
3,5,8,20/11/2025,4,10.82,26,0,47,47,NA,BeforeCTmax
4,5,8,20/11/2025,4,11.22,26.5,1,49,109,NA,BeforeCTmax
5,5,8,20/11/2025,4,9.66,26,1,32,92,NA,BeforeCTmax
6,5,8,20/11/2025,4,14.38,31,0,38,38,NA,BeforeCTmax
7,5,8,20/11/2025,4,10.5,29.5,0,40,40,NA,BeforeCTmax
8,5,8,20/11/2025,4,16.09,29.5,0,52,52,NA,BeforeCTmax
9,5,8,20/11/2025,4,11.18,27.5,0,53,53,NA,BeforeCTmax
10,5,8,20/11/2025,4,14.76,31,1,39,99,NA,BeforeCTmax
11,8,14,20/11/2025,4,12.6,30,0,37,37,NA,BeforeCTmax
12,8,14,20/11/2025,4,9.58,24.5,0,50,50,NA,BeforeCTmax
13,8,14,20/11/2025,4,6.54,24,0,44,44,NA,BeforeCTmax
14,8,14,20/11/2025,4,12.94,28,0,57,57,NA,BeforeCTmax
15,8,14,20/11/2025,4,11.74,26,0,59,59,NA,BeforeCTmax
16,8,14,20/11/2025,4,10.39,28,0,42,42,NA,BeforeCTmax
17,8,14,20/11/2025,4,15.88,31,0,34,34,NA,BeforeCTmax
18,8,14,20/11/2025,4,8.39,26.5,1,13,73,NA,BeforeCTmax
19,8,14,20/11/2025,4,11.25,27.5,4,52,292,NA,BeforeCTmax
20,8,14,20/11/2025,4,14.99,30.5,1,23,83,NA,BeforeCTmax
21,9,8,21/11/2025,4,6.9,26,0,55,55,NA,BeforeCTmax
22,9,8,21/11/2025,4,20.56,36,1,57,117,NA,BeforeCTmax
23,9,8,21/11/2025,4,6.13,26,0,39,39,NA,BeforeCTmax
24,9,8,21/11/2025,4,17.6,32,0,46,46,NA,BeforeCTmax
25,9,8,21/11/2025,4,6.37,24.5,0,34,34,NA,BeforeCTmax
26,9,8,21/11/2025,4,7.07,24,0,46,46,NA,BeforeCTmax
27,9,8,21/11/2025,4,9.67,26,0,37,37,NA,BeforeCTmax
28,9,8,21/11/2025,4,10.76,29,0,57,57,NA,BeforeCTmax
29,9,8,21/11/2025,4,8.69,26.5,1,18,78,NA,BeforeCTmax
30,9,8,21/11/2025,4,NA,NA,NA,NA,NA,NA,BeforeCTmax
31,10,14,21/11/2025,4,10.77,28,0,59,59,NA,BeforeCTmax
32,10,14,21/11/2025,4,7.47,24.5,0,30,30,NA,BeforeCTmax
33,10,14,21/11/2025,4,23.57,36,0,40,40,NA,BeforeCTmax
34,10,14,21/11/2025,4,7.02,24.5,2,45,165,NA,BeforeCTmax
35,10,14,21/11/2025,4,19.29,34,1,12,72,NA,BeforeCTmax
36,10,14,21/11/2025,4,21.41,35,1,18,78,NA,BeforeCTmax
37,10,14,21/11/2025,4,7.96,23.5,0,52,52,NA,BeforeCTmax
38,10,14,21/11/2025,4,6.82,23.5,0,53,53,NA,BeforeCTmax
39,10,14,21/11/2025,4,7.79,24,0,49,49,NA,BeforeCTmax
40,10,14,21/11/2025,4,6.69,23,0,45,45,NA,BeforeCTmax
1,5,8,25/11/2025,5,9.92,25.5,0,25,25,NY,Ctmaxday1
2,5,8,25/11/2025,5,11.15,26,0,59,59,PU,Ctmaxday1
3,5,8,25/11/2025,5,10.87,27,0,39,39,BLA,Ctmaxday1
4,5,8,25/11/2025,5,16.84,34,1,51,111,BR,Ctmaxday1
5,5,8,25/11/2025,5,14.78,30,0,50,50,GO,Ctmaxday1
6,5,8,25/11/2025,5,10.68,27.5,0,48,48,GR,Ctmaxday1
7,5,8,25/11/2025,5,14.4,30.5,0,55,55,OR,Ctmaxday1
8,5,8,25/11/2025,5,10.82,26,0,33,33,BLU,Ctmaxday1
9,5,8,25/11/2025,5,15.36,32.5,0,37,37,YE,Ctmaxday1
10,5,8,25/11/2025,5,10.3,27,0,38,38,PI,Ctmaxday1
11,8,14,25/11/2025,5,8.53,26,0,41,41,NY,Ctmaxday1
12,8,14,25/11/2025,5,13.19,31,0,35,35,BLA,Ctmaxday1
13,8,14,25/11/2025,5,9.58,27,0,38,38,GO,Ctmaxday1
14,8,14,25/11/2025,5,12.41,28,0,10,10,PU,Ctmaxday1
15,8,14,25/11/2025,5,10.61,29.5,1,52,112,BR,Ctmaxday1
16,8,14,25/11/2025,5,14.33,31,0,48,48,GR,Ctmaxday1
17,8,14,25/11/2025,5,6.45,24,0,39,39,OR,Ctmaxday1
18,8,14,25/11/2025,5,11.77,29,0,39,39,PI,Ctmaxday1
19,8,14,25/11/2025,5,10.34,28,0,39,39,BLU,Ctmaxday1
20,8,14,25/11/2025,5,15.53,32,0,33,33,YE,Ctmaxday1
21,9,8,26/11/2025,5,6.52,24,0,39,39,NY,Ctmaxday1
22,9,8,26/11/2025,5,8.76,27,0,27,27,GR,Ctmaxday1
23,9,8,26/11/2025,5,10.34,24,0,41,41,OR,Ctmaxday1
24,9,8,26/11/2025,5,17.78,32,0,39,39,PU,Ctmaxday1
25,9,8,26/11/2025,5,6.95,24,0,44,44,PI,Ctmaxday1
26,9,8,26/11/2025,5,6.18,22,0,55,55,BLU,Ctmaxday1
27,9,8,26/11/2025,5,9.27,27,0,53,53,GO,Ctmaxday1
28,9,8,26/11/2025,5,21.02,33,1,19,79,YE,Ctmaxday1
29,9,8,26/11/2025,5,7.56,25,0,37,37,BR,Ctmaxday1
30,9,8,26/11/2025,5,NA,NA,NA,NA,NA,NA,Ctmaxday1
31,10,14,26/11/2025,5,6.78,24,0,57,57,YE,Ctmaxday1
32,10,14,26/11/2025,5,18.79,34,0,56,56,OR,Ctmaxday1
33,10,14,26/11/2025,5,10.89,26,0,45,45,BR,Ctmaxday1
34,10,14,26/11/2025,5,7.06,23,0,55,55,GR,Ctmaxday1
35,10,14,26/11/2025,5,7.87,23,1,46,106,PI,Ctmaxday1
36,10,14,26/11/2025,5,6.7,23,0,43,43,GO,Ctmaxday1
37,10,14,26/11/2025,5,21.46,35,1,16,76,BLU,Ctmaxday1
38,10,14,26/11/2025,5,7.71,24,1,6,66,PU,Ctmaxday1
39,10,14,26/11/2025,5,7.3,25,1,12,72,BLA,Ctmaxday1
40,10,14,26/11/2025,5,23.64,34,0,53,53,NY,Ctmaxday1
1,5,8,02/12/2025,6,9.99,26,0,53,53,PU,Ctmaxday2
2,5,8,02/12/2025,6,11.19,29,1,4,64,NY,Ctmaxday2
3,5,8,02/12/2025,6,16.54,34,1,25,85,BR,Ctmaxday2
4,5,8,02/12/2025,6,11.09,29,1,0,60,BLA,Ctmaxday2
5,5,8,02/12/2025,6,14.32,34,1,37,97,OR,Ctmaxday2
6,5,8,02/12/2025,6,10.41,29,0,40,40,BLU,Ctmaxday2
7,5,8,02/12/2025,6,14.64,31,0,41,41,GO,Ctmaxday2
8,5,8,02/12/2025,6,10.59,27,1,19,79,GR,Ctmaxday2
9,5,8,02/12/2025,6,15.5,33,0,51,51,YE,Ctmaxday2
10,5,8,02/12/2025,6,9.98,27,1,10,70,PI,Ctmaxday2
11,8,14,02/12/2025,6,12.53,29,0,41,41,PU,Ctmaxday2
12,8,14,02/12/2025,6,9.56,27,1,0,60,GO,Ctmaxday2
13,8,14,02/12/2025,6,13,32,0,40,40,BLA,Ctmaxday2
14,8,14,02/12/2025,6,8.23,26,0,44,44,NY,Ctmaxday2
15,8,14,02/12/2025,6,15.37,34,0,37,37,YE,Ctmaxday2
16,8,14,02/12/2025,6,9.68,29,0,58,58,BLU,Ctmaxday2
17,8,14,02/12/2025,6,14.19,32,0,51,51,GR,Ctmaxday2
18,8,14,02/12/2025,6,10.75,29,0,52,52,BRO,Ctmaxday2
19,8,14,02/12/2025,6,11.36,30,1,4,64,PIN,Ctmaxday2
20,8,14,02/12/2025,6,6.36,23,0,56,56,OR,Ctmaxday2
21,9,8,03/12/2025,6,8.72,29,1,15,75,OR,Ctmaxday2
22,9,8,03/12/2025,6,7.13,26,1,16,76,GR,Ctmaxday2
23,9,8,03/12/2025,6,8.8,29,0,58,58,GO,Ctmaxday2
24,9,8,03/12/2025,6,5.5,24,1,2,62,BLU,Ctmaxday2
25,9,8,03/12/2025,6,16.27,25,1,36,96,YE,Ctmaxday2
26,9,8,03/12/2025,6,5.7,36,1,17,77,BRO,Ctmaxday2
27,9,8,03/12/2025,6,19.06,32,0,46,46,PU,Ctmaxday2
28,9,8,03/12/2025,6,6.17,26,0,59,59,PIN,Ctmaxday2
29,9,8,03/12/2025,6,5.7,22,0,52,52,NY,Ctmaxday2
30,9,8,03/12/2025,6,NA,NA,NA,NA,NA,NA,Ctmaxday2
31,10,14,03/12/2025,6,21.72,35,0,59,59,BLU,Ctmaxday2
32,10,14,03/12/2025,6,7.67,26,0,52,52,PU,Ctmaxday2
33,10,14,03/12/2025,6,10.54,29,0,44,44,BRO,Ctmaxday2
34,10,14,03/12/2025,6,6.89,25,0,27,27,GR,Ctmaxday2
35,10,14,03/12/2025,6,18.96,36,0,52,52,OR,Ctmaxday2
36,10,14,03/12/2025,6,6.28,25,1,40,100,YE,Ctmaxday2
37,10,14,03/12/2025,6,7.5,25,0,42,42,PIN,Ctmaxday2
38,10,14,03/12/2025,6,6.52,24,0,49,49,GO,Ctmaxday2
39,10,14,03/12/2025,6,23.49,37,0,46,46,NY,Ctmaxday2
40,10,14,03/12/2025,6,NA,NA,NA,NA,NA,NA,Ctmaxday2
1,5,8,08/12/2025,7,NA,NA,0,36,36,YE,Ctmaxday7
2,5,8,08/12/2025,7,NA,NA,0,40,40,PIN,Ctmaxday7
3,5,8,08/12/2025,7,NA,NA,1,0,60,GO,Ctmaxday7
4,5,8,08/12/2025,7,NA,NA,0,47,47,GR,Ctmaxday7
5,5,8,08/12/2025,7,NA,NA,0,50,50,PU,Ctmaxday7
6,5,8,08/12/2025,7,NA,NA,0,56,56,NY,Ctmaxday7
7,5,8,08/12/2025,7,NA,NA,0,51,51,OR,Ctmaxday7
8,5,8,08/12/2025,7,NA,NA,0,58,58,BLU,Ctmaxday7
9,5,8,08/12/2025,7,NA,NA,1,49,109,BRO,Ctmaxday7
10,5,8,08/12/2025,7,NA,NA,1,8,68,BLA,Ctmaxday7
11,8,14,08/12/2025,7,NA,NA,0,47,47,GR,Ctmaxday7
12,8,14,08/12/2025,7,NA,NA,0,55,55,BRO,Ctmaxday7
13,8,14,08/12/2025,7,NA,NA,1,20,80,PIN,Ctmaxday7
14,8,14,08/12/2025,7,NA,NA,0,46,46,OR,Ctmaxday7
15,8,14,08/12/2025,7,NA,NA,0,41,41,BLA,Ctmaxday7
16,8,14,08/12/2025,7,NA,NA,0,26,26,NY,Ctmaxday7
17,8,14,08/12/2025,7,NA,NA,0,13,13,PU,Ctmaxday7
18,8,14,08/12/2025,7,NA,NA,0,48,48,GO,Ctmaxday7
19,8,14,08/12/2025,7,NA,NA,0,37,37,YE,Ctmaxday7
20,8,14,08/12/2025,7,NA,NA,0,59,59,BLU,Ctmaxday7
21,9,8,09/12/2025,7,NA,NA,1,4,64,YE,Ctmaxday7
22,9,8,09/12/2025,7,NA,NA,1,5,65,BRO,Ctmaxday7
23,9,8,09/12/2025,7,NA,NA,0,34,34,OR,Ctmaxday7
24,9,8,09/12/2025,7,NA,NA,0,13,13,GR,Ctmaxday7
25,9,8,09/12/2025,7,NA,NA,0,41,41,PU,Ctmaxday7
26,9,8,09/12/2025,7,NA,NA,0,42,42,PIN,Ctmaxday7
27,9,8,09/12/2025,7,NA,NA,0,28,28,BLU,Ctmaxday7
28,9,8,09/12/2025,7,NA,NA,0,42,42,GO,Ctmaxday7
29,9,8,09/12/2025,7,NA,NA,0,45,45,YE,Ctmaxday7
30,9,8,09/12/2025,7,NA,NA,NA,NA,NA,NA,Ctmaxday7
31,10,14,09/12/2025,7,NA,NA,1,18,78,PIN,Ctmaxday7
32,10,14,09/12/2025,7,NA,NA,0,49,49,GO,Ctmaxday7
33,10,14,09/12/2025,7,NA,NA,0,49,49,YE,Ctmaxday7
34,10,14,09/12/2025,7,NA,NA,2,0,120,OR,Ctmaxday7
35,10,14,09/12/2025,7,NA,NA,1,8,68,PU,Ctmaxday7
36,10,14,09/12/2025,7,NA,NA,0,54,54,BLU,Ctmaxday7
37,10,14,09/12/2025,7,NA,NA,1,1,61,BRO,Ctmaxday7
38,10,14,09/12/2025,7,NA,NA,0,54,54,GR,Ctmaxday7
39,10,14,09/12/2025,7,NA,NA,0,40,40,NY,Ctmaxday7
40,10,14,09/12/2025,7,NA,NA,NA,NA,NA,NA,Ctmaxday7